ITEMNMBR,warehouse location,predicted_demand for location (item count),Current inventory for location (item count),Current gap (item count),Item value,Aggregate metric
T-32202,3,1602465.9399338667,3614.83,1598851.1099338667,0.5566442510495523,1.2861805074019965
F-04211,3,927359.1962651792,5120.7,922238.4962651792,0.7336292181767913,0.8910149525251441
F-04211,2,883334.5322608405,21044.68,862289.8522608405,0.7336292181767913,0.8197702075716007
AC-B9SL,U,446989.2092262057,0.0,446989.2092262057,0.766742578422518,0.40272624616830777
F-04130,1,32111.10955356882,18500.59,13610.519553568818,0.8655771843004192,0.11605310799898849
F-04130,E1,86.3888888888889,26.54,59.8488888888889,0.8655771843004192,0.09994908944296055
F-04130,W,0.0,83.75,-83.75,0.8655771843004192,0.09977843226823346
F-04130,L,0.0,348.27,-348.27,0.8655771843004192,0.09946406886188597
F-04131,1,25014.669230425392,3431.22,21583.44923042539,0.8530636122309574,0.0966145524556562
F-04130,U,0.0,3802.51,-3802.51,0.8655771843004192,0.09535894768866116
F-04130,3,9726.672351628882,20740.61,-11013.937648371118,0.8655771843004192,0.08678867337983864
F-04131,2,18664.152695608067,7040.24,11623.912695608067,0.8530636122309574,0.08477834411327556
F-04131,3,6446.156418668495,1826.02,4620.136418668495,0.8530636122309574,0.07645484884745901
F-04130,2,22197.72735398046,44762.74,-22565.01264601954,0.8655771843004192,0.07306103356721583
F-04131,E1,107.42361111111116,8.39,99.03361111111116,0.8530636122309574,0.07108183630008824
F-04131,W,0.0,12.26,-12.26,0.8530636122309574,0.07094957167475324
F-04131,L,0.0,51.0,-51.0,0.8530636122309574,0.07090353191079635
F-04131,U,0.0,556.86,-556.86,0.8530636122309574,0.07030235289697928
AC-B9SLE,1,107533.64375511362,0.0,107533.64375511362,0.7693373449540344,0.0053026529262656386
F-04211,1,178957.97466843505,3257.13,175700.84466843505,0.7336292181767913,0.003807485707746361
A-61250,1,8609.337485354532,0.0,8609.337485354532,0.7961086566020785,-0.05040421302514331
F-04111,1,162659.43442699383,28107.51,134551.92442699382,0.7298676208186885,-0.05378664582002557
A-61250,3,3971.0666949470146,0.0,3971.0666949470146,0.7961086566020785,-0.055916471475295104
A-61250,2,3032.4603368490516,0.0,3032.4603368490516,0.7961086566020785,-0.057031939084364325
A-61250,W,1477.1583333333335,0.0,1477.1583333333335,0.7961086566020785,-0.05888030607258499
A-61250,E1,62.888636363636365,0.0,62.888636363636365,0.7961086566020785,-0.06056106608858869
A-61250,L,0.0,0.0,0.0,0.7961086566020785,-0.060635804807580906
A-61250,U,0.0,0.0,0.0,0.7961086566020785,-0.060635804807580906
T-32202,2,470656.28524357744,18113.24,452543.04524357745,0.5566442510495523,-0.07612596446981101
AC-B9SL,1,34353.71619647821,0.0,34353.71619647821,0.766742578422518,-0.08766200110472389
F-04111,2,194801.26775631524,112720.74,82080.52775631523,0.7298676208186885,-0.11614520847388898
AC-B9SLE,2,0.0,0.0,0.0,0.7693373449540344,-0.12249351578613765
AC-B9SLE,3,0.0,0.0,0.0,0.7693373449540344,-0.12249351578613765
AC-B9SLE,E1,0.0,0.0,0.0,0.7693373449540344,-0.12249351578613765
AC-B9SLE,L,0.0,0.0,0.0,0.7693373449540344,-0.12249351578613765
AC-B9SLE,U,0.0,0.0,0.0,0.7693373449540344,-0.12249351578613765
AC-B9SLE,W,0.0,0.0,0.0,0.7693373449540344,-0.12249351578613765
AC-B9SL,2,0.0,0.0,0.0,0.766742578422518,-0.12848897541372362
AC-B9SL,3,0.0,0.0,0.0,0.766742578422518,-0.12848897541372362
AC-B9SL,E1,0.0,0.0,0.0,0.766742578422518,-0.12848897541372362
AC-B9SL,L,0.0,0.0,0.0,0.766742578422518,-0.12848897541372362
AC-B9SL,W,0.0,0.0,0.0,0.766742578422518,-0.12848897541372362
F-04114,2,94022.1557118199,40618.76,53403.395711819896,0.732061716754973,-0.14515629059295265
F-04114,1,58965.42193501434,10678.72,48286.70193501434,0.732061716754973,-0.15123712109693388
F-04117,2,102027.04459656797,18718.44,83308.60459656797,0.7138632057615277,-0.15166547814613696
F-04112,2,146713.17428630107,42506.55,104206.62428630107,0.6944773732591767,-0.17162249769715454
F-04112,1,112806.64871040285,10093.16,102713.48871040285,0.6944773732591767,-0.17339698426065764
F-04114,3,16410.399745778213,4492.8,11917.599745778214,0.732061716754973,-0.1944592398403363
F-04111,3,42239.35264572443,28529.35,13710.002645724431,0.7298676208186885,-0.19739876649417287
F-04114,E1,6241.480416666666,39.31,6202.170416666666,0.732061716754973,-0.20125162541661534
F-04211,E1,0.0,4.8,-4.8,0.7336292181767913,-0.20500630898616878
F-04211,W,0.0,29.32,-29.32,0.7336292181767913,-0.2050354492807538
F-04211,L,0.0,121.94,-121.94,0.7336292181767913,-0.20514552163330146
F-04118,2,82142.05091534693,5930.79,76211.26091534694,0.694197707481601,-0.2055392119874374
F-04211,U,0.0,1331.42,-1331.42,0.7336292181767913,-0.20658290350502773
AC-B3SLJ,1,19106.70960855339,967.73,18138.97960855339,0.7227150857140725,-0.20866186481126692
F-04114,W,0.0,55.64,-55.64,0.732061716754973,-0.20868859274936735
F-04114,L,0.0,231.39,-231.39,0.732061716754973,-0.20889745925725156
F-04114,U,0.0,2526.38,-2526.38,0.732061716754973,-0.21162489337918267
F-04111,E1,538.5881944444444,30.45,508.1381944444444,0.7298676208186885,-0.21308825341025095
F-04111,W,0.0,168.82,-168.82,0.7298676208186885,-0.21389277058838618
F-04111,L,0.0,702.04,-702.04,0.7298676208186885,-0.21452646503694417
D-15100N,1,2523.1114469480744,0.0,2523.1114469480744,0.7268322282703283,-0.2177071682457573
D-15100N,2,2010.4859797602169,0.0,2010.4859797602169,0.7268322282703283,-0.21831638754125704
D-15100N,3,1312.0745637323223,0.0,1312.0745637323223,0.7268322282703283,-0.2191464003636313
D-15100N,E1,0.0,0.0,0.0,0.7268322282703283,-0.2207057086550145
D-15100N,L,0.0,0.0,0.0,0.7268322282703283,-0.2207057086550145
D-15100N,U,0.0,0.0,0.0,0.7268322282703283,-0.2207057086550145
D-15100N,W,0.0,0.0,0.0,0.7268322282703283,-0.2207057086550145
AC-B3SLJ,W,7724.8944444444405,614.25,7110.6444444444405,0.7227150857140725,-0.22176826511570535
F-04111,U,0.0,7665.08,-7665.08,0.7298676208186885,-0.22280154810413444
F-04117,1,27000.090284228256,4641.55,22358.540284228256,0.7138632057615277,-0.224100340668139
D-14220,1,2723.4540459416976,0.0,2723.4540459416976,0.7237949312104252,-0.22448704448021106
D-14220,2,1016.6037536355577,0.0,1016.6037536355577,0.7237949312104252,-0.22651551594556119
D-14220,3,713.3395219848173,0.0,713.3395219848173,0.7237949312104252,-0.22687592414488467
D-13220N,2,2876.7094136309406,0.0,2876.7094136309406,0.7225162956760234,-0.22725932262287918
D-14220,E1,38.24166666666667,0.0,38.24166666666667,0.7237949312104252,-0.22767823044087598
D-14220,L,0.0,0.0,0.0,0.7237949312104252,-0.2277236779707329
D-14220,U,0.0,0.0,0.0,0.7237949312104252,-0.2277236779707329
D-14220,W,0.0,0.0,0.0,0.7237949312104252,-0.2277236779707329
D-13220N,1,2100.4160149397617,0.0,2100.4160149397617,0.7225162956760234,-0.2281818927012761
AC-B3SLJ,3,1759.4337436866533,106.16,1653.2737436866532,0.7227150857140725,-0.2282539661711669
AC-B3SLJ,2,1320.5680738649648,127.86,1192.708073864965,0.7227150857140725,-0.22880131606082288
D-13220N,3,1166.5175554331788,0.0,1166.5175554331788,0.7225162956760234,-0.2292917653041533
AC-B3SLJ,E1,0.0,0.3,-0.3,0.7227150857140725,-0.23021912220742857
AC-B3SLJ,L,0.0,7.53,-7.53,0.7227150857140725,-0.23022771455367042
AC-B3SLJ,U,0.0,82.18,-82.18,0.7227150857140725,-0.23031643082572484
D-13220N,E1,40.416666666666664,0.0,40.416666666666664,0.7225162956760234,-0.23063005696937133
D-13220N,L,0.0,0.0,0.0,0.7225162956760234,-0.2306780893336785
D-13220N,U,0.0,0.0,0.0,0.7225162956760234,-0.2306780893336785
D-13220N,W,0.0,0.0,0.0,0.7225162956760234,-0.2306780893336785
A-61280,U,724.2744623103822,0.0,724.2744623103822,0.7221167177447421,-0.23074060364908644
F-04220,2,19309.260960591128,554.89,18754.370960591128,0.7127659489829479,-0.23091896045570626
F-04117,3,18539.711828992316,1963.24,16576.471828992315,0.7138632057615277,-0.2309719221565777
A-61280,1,498.15946496938136,0.0,498.15946496938136,0.7221167177447421,-0.23100932541224362
A-61280,2,0.0,0.0,0.0,0.7221167177447421,-0.23160135288204542
A-61280,3,0.0,0.0,0.0,0.7221167177447421,-0.23160135288204542
A-61280,E1,0.0,0.0,0.0,0.7221167177447421,-0.23160135288204542
A-61280,L,0.0,0.0,0.0,0.7221167177447421,-0.23160135288204542
A-61280,W,0.0,0.0,0.0,0.7221167177447421,-0.23160135288204542
F-04221,2,19079.506219211828,662.12,18417.38621921183,0.711332907723417,-0.2346306238681376
F-04220,1,13059.103448275857,155.27,12903.833448275856,0.7127659489829479,-0.23787191260047658
F-04221,1,12649.706896551721,186.02,12463.68689655172,0.711332907723417,-0.24170617656524795
D-15220N,2,4355.8222421099745,0.0,4355.8222421099745,0.7150592124024522,-0.24273181495822105
F-04117,E1,5742.435450191571,28.25,5714.185450191571,0.7138632057615277,-0.24388098516414125
D-15212,2,2658.091096586144,0.0,2658.091096586144,0.7153100088239095,-0.24416995951341258
D-15220N,3,2067.070980507871,0.0,2067.070980507871,0.7150592124024522,-0.24545183477857158
D-15220N,1,2060.4414263066915,0.0,2060.4414263066915,0.7150592124024522,-0.2454597135372335
D-15212,3,845.219472205456,0.0,845.219472205456,0.7153100088239095,-0.24632442987146053
D-15212,1,444.3272744882214,0.0,444.3272744882214,0.7153100088239095,-0.24680086203860285
D-15212,E1,0.0,0.0,0.0,0.7153100088239095,-0.24732891373806287
D-15212,L,0.0,0.0,0.0,0.7153100088239095,-0.24732891373806287
D-15212,U,0.0,0.0,0.0,0.7153100088239095,-0.24732891373806287
D-15212,W,0.0,0.0,0.0,0.7153100088239095,-0.24732891373806287
D-15220N,E1,51.69583333333333,0.0,51.69583333333333,0.7150592124024522,-0.24784696632376169
D-15220N,L,0.0,0.0,0.0,0.7150592124024522,-0.24790840318396368
D-15220N,U,0.0,0.0,0.0,0.7150592124024522,-0.24790840318396368
D-15220N,W,0.0,0.0,0.0,0.7150592124024522,-0.24790840318396368
F-04118,1,41922.62677711044,1440.54,40482.08677711044,0.694197707481601,-0.24800082127246426
F-04112,3,45787.741882630144,6813.35,38974.391882630145,0.6944773732591767,-0.24914641566956863
F-04117,W,0.0,25.27,-25.27,0.7138632057615277,-0.25070192409466197
F-04117,L,0.0,105.07,-105.07,0.7138632057615277,-0.250796760779323
F-04117,U,0.0,1147.19,-1147.19,0.7138632057615277,-0.25203524706778035
AC-B6SLJ,2,5988.2400434078645,0.0,5988.2400434078645,0.7097883118101123,-0.2529707280908212
AC-B6SLJ,1,5957.498310339344,0.0,5957.498310339344,0.7097883118101123,-0.2530072624773494
F-04220,E1,0.0,0.12,-0.12,0.7127659489829479,-0.25320735325278354
F-04220,W,0.0,0.71,-0.71,0.7127659489829479,-0.2532080544262666
F-04220,L,0.0,2.94,-2.94,0.7127659489829479,-0.2532107046243467
F-04220,U,0.0,32.14,-32.14,0.7127659489829479,-0.25324540676961116
F-04220,3,0.0,92.93,-92.93,0.7127659489829479,-0.2533176514069613
AC-B6SLJ,3,3601.329985567898,0.0,3601.329985567898,0.7097883118101123,-0.25580740273329605
F-04221,E1,0.0,0.14,-0.14,0.711332907723417,-0.2565185577815049
F-04221,W,0.0,0.85,-0.85,0.711332907723417,-0.25651940156654385
F-04221,L,0.0,3.52,-3.52,0.711332907723417,-0.25652257467366213
F-04221,U,0.0,38.38,-38.38,0.711332907723417,-0.25656400333064566
F-04221,3,0.0,110.99,-110.99,0.711332907723417,-0.25665029520625016
AC-B6SLJ,E1,371.25,0.0,371.25,0.7097883118101123,-0.25964612550298327
F-04075,L,23400.0,195.97,23204.03,0.6978947703399655,-0.25999215377988183
AC-B6SLJ,L,0.0,0.0,0.0,0.7097883118101123,-0.26008733000399065
AC-B6SLJ,U,0.0,0.0,0.0,0.7097883118101123,-0.26008733000399065
AC-B6SLJ,W,0.0,0.0,0.0,0.7097883118101123,-0.26008733000399065
A-61260,2,6154.853046383032,0.0,6154.853046383032,0.706379668212523,-0.26064872175316844
A-61260,1,3665.594154978947,0.0,3665.594154978947,0.706379668212523,-0.26360703078228653
A-61260,3,1083.7539660467155,0.0,1083.7539660467155,0.706379668212523,-0.26667536616878795
F-04075,3,17834.721121196726,714.3,17120.421121196727,0.6978947703399655,-0.26722209484303716
F-04073,L,40788.51724137932,4215.98,36572.53724137932,0.687636793559192,-0.2678066734727528
A-61260,E1,0.0,0.0,0.0,0.706379668212523,-0.2679633314962072
A-61260,L,0.0,0.0,0.0,0.706379668212523,-0.2679633314962072
A-61260,U,0.0,0.0,0.0,0.706379668212523,-0.2679633314962072
A-61260,W,0.0,0.0,0.0,0.706379668212523,-0.2679633314962072
D-13206,2,13906.506838851166,1748.16,12158.346838851166,0.6983806046869521,-0.2719966035988537
D-13206,1,10225.193380574145,876.74,9348.453380574145,0.6983806046869521,-0.2753359642483971
F-04075,1,18624.124630541875,11790.8,6833.324630541876,0.6978947703399655,-0.27944758514330403
D-13212,1,3220.3919407872713,0.0,3220.3919407872713,0.6990942958482895,-0.2809696814333077
D-13212,2,2932.9294825073266,0.0,2932.9294825073266,0.6990942958482895,-0.2813113103369138
D-13206,3,4518.683818298781,619.03,3899.6538182987815,0.6983806046869521,-0.28181147910890325
D-13212,3,245.45097649593038,0.0,245.45097649593038,0.6990942958482895,-0.2845051894297429
D-13212,E1,0.0,0.0,0.0,0.6990942958482895,-0.2847968906434982
D-13212,L,0.0,0.0,0.0,0.6990942958482895,-0.2847968906434982
D-13212,U,0.0,0.0,0.0,0.6990942958482895,-0.2847968906434982
D-13212,W,0.0,0.0,0.0,0.6990942958482895,-0.2847968906434982
F-04118,3,9270.41517952008,607.02,8663.39517952008,0.694197707481601,-0.285815097229427
D-13206,E1,80.4511111111111,3.43,77.0211111111111,0.6983806046869521,-0.28635440909168897
F-04075,2,33344.89163212276,32388.57,956.3216321227592,0.6978947703399655,-0.2864319896559946
D-13206,W,0.0,3.24,-3.24,0.6983806046869521,-0.28644979377445823
D-13206,L,0.0,13.46,-13.46,0.6983806046869521,-0.28646193952530075
D-13206,U,0.0,146.95,-146.95,0.6983806046869521,-0.28662058299692217
F-04070,L,50610.9827586207,6664.87,43946.1127586207,0.6756374461020103,-0.28676935344009924
F-04118,E1,7503.985277777778,17.71,7486.275277777778,0.694197707481601,-0.28721402140147834
F-04075,E1,58.16180555555558,5.78,52.38180555555558,0.6978947703399655,-0.28750625853174216
F-04075,W,0.0,44.94,-44.94,0.6978947703399655,-0.2876219186493375
F-04074,L,46320.04926108376,2340.91,43979.139261083765,0.6748361165973409,-0.2885816532734703
F-04075,U,0.0,2040.64,-2040.64,0.6978947703399655,-0.2899936676666046
F-04112,E1,4271.835632183907,33.27,4238.565632183907,0.6944773732591767,-0.2904275008895202
A-61260N,2,13205.259681488746,2787.24,10418.019681488746,0.6895116588487333,-0.29455741914529565
F-04112,W,0.0,59.25,-59.25,0.6944773732591767,-0.2955351523411549
F-04112,L,0.0,246.38,-246.38,0.6944773732591767,-0.2957575431782553
F-04118,W,0.0,7.97,-7.97,0.694197707481601,-0.2961204045616368
F-04118,L,0.0,33.14,-33.14,0.694197707481601,-0.2961503173354829
F-04118,U,0.0,361.83,-361.83,0.694197707481601,-0.29654094227133776
F-04112,U,0.0,2690.04,-2690.04,0.6944773732591767,-0.2986616611336268
F-04071,3,68675.10881482688,1178.16,67496.94881482687,0.6574777506896619,-0.3007405787944748
A-61260N,1,4362.409882986506,1716.71,2645.699882986506,0.6895116588487333,-0.3037942743058826
A-61260N,3,1907.605040284911,558.94,1348.665040284911,0.6895116588487333,-0.3053357089471307
F-04073,3,4950.205876102689,644.92,4305.285876102689,0.687636793559192,-0.3061540311495108
A-61260N,W,219.84160305343505,16.39,203.45160305343506,0.6895116588487333,-0.306696714531294
A-61260N,E1,0.0,0.83,-0.83,0.6895116588487333,-0.3069394888417053
A-61260N,L,0.0,21.05,-21.05,0.6895116588487333,-0.3069635188888713
A-61260N,U,0.0,229.85,-229.85,0.6895116588487333,-0.3072116629961045
F-04073,E1,77.95481927710841,6.0,71.95481927710841,0.687636793559192,-0.31118504722096063
F-04073,W,0.0,143.02,-143.02,0.687636793559192,-0.3114405296663971
D-16106,1,4247.264902681993,0.0,4247.264902681993,0.6827498882422456,-0.31751465350241226
F-04074,2,45078.75892495434,25625.16,19453.598924954338,0.6748361165973409,-0.31772853215815233
F-04073,U,0.0,6493.71,-6493.71,0.687636793559192,-0.31898787784822213
D-16106,2,2605.9857040047737,0.0,2605.9857040047737,0.6827498882422456,-0.31946519833706866
F-04001,1,38769.60721557263,813.86,37955.74721557263,0.663713784122937,-0.32143925833368103
D-16106,3,930.2404785659099,0.0,930.2404785659099,0.6827498882422456,-0.3214567036192376
F-04074,3,16225.50812563913,305.51,15919.99812563913,0.6748361165973409,-0.3219279680569298
D-16106,E1,31.005416666666683,0.0,31.005416666666683,0.6827498882422456,-0.3225253812132406
D-16106,L,0.0,0.0,0.0,0.6827498882422456,-0.3225622289691704
D-16106,U,0.0,0.0,0.0,0.6827498882422456,-0.3225622289691704
D-16106,W,0.0,0.0,0.0,0.6827498882422456,-0.3225622289691704
F-04070,3,11032.63301634467,1675.74,9356.89301634467,0.6756374461020103,-0.32787620714144694
D-18120N,1,1840.385639863343,0.0,1840.385639863343,0.6794948362177156,-0.32789617341213884
D-18120N,2,1301.0926792548048,0.0,1301.0926792548048,0.6794948362177156,-0.32853708514704005
D-18120N,3,764.2871902748325,0.0,764.2871902748325,0.6794948362177156,-0.32917504069694825
D-18120N,E1,25.549999999999994,0.0,25.549999999999994,0.6794948362177156,-0.3300529778643848
D-18120N,L,0.0,0.0,0.0,0.6794948362177156,-0.33008334224149116
D-18120N,U,0.0,0.0,0.0,0.6794948362177156,-0.33008334224149116
D-18120N,W,0.0,0.0,0.0,0.6794948362177156,-0.33008334224149116
F-04073,1,40015.413603509165,56841.03,-16825.616396490834,0.687636793559192,-0.331266621568407
D-15206,3,15226.320566222996,413.19,14813.130566222995,0.6707868623509268,-0.3325995967656423
D-15206,1,14595.607621067435,342.62,14252.987621067434,0.6707868623509268,-0.33326528724001314
D-15206,2,14059.506081181342,670.5,13389.006081181342,0.6707868623509268,-0.3342920685038111
F-04001,2,28224.958630281053,2217.31,26007.64863028105,0.663713784122937,-0.33563873274259826
F-04074,1,14434.536595658457,10841.83,3592.7065956584574,0.6748361165973409,-0.33657808659769095
D-15106,2,5232.822023043953,0.0,5232.822023043953,0.6737347167263696,-0.3371738160033313
D-15106,1,4485.5304916955865,0.0,4485.5304916955865,0.6737347167263696,-0.33806191940318475
F-04070,E1,195.44152046783637,12.33,183.11152046783636,0.6756374461020103,-0.3387786009117877
F-04070,W,0.0,138.9,-138.9,0.6756374461020103,-0.33916128894466757
D-15106,3,2864.6070191706485,0.0,2864.6070191706485,0.6737347167263696,-0.3399882728896938
F-04074,E1,300.0,1.6,298.4,0.6748361165973409,-0.34049313817399474
F-04074,W,0.0,38.98,-38.98,0.6748361165973409,-0.3408940905633546
F-04074,U,0.0,1770.02,-1770.02,0.6748361165973409,-0.3429513097941258
D-15106,E1,26.26666666666665,0.0,26.26666666666665,0.6737347167263696,-0.3433614406712847
D-15106,L,0.0,0.0,0.0,0.6737347167263696,-0.34339265675629427
D-15106,U,0.0,0.0,0.0,0.6737347167263696,-0.34339265675629427
D-15106,W,0.0,0.0,0.0,0.6737347167263696,-0.34339265675629427
F-04070,1,50879.38397127577,55926.44,-5047.056028724233,0.6756374461020103,-0.34499428700936685
F-04001,3,19872.808878046224,2034.94,17837.868878046225,0.663713784122937,-0.34534794108987077
F-04070,U,0.0,6306.64,-6306.64,0.6756374461020103,-0.3464912139252554
F-04073,2,51460.68030554805,81794.34,-30333.659694451948,0.687636793559192,-0.3473199804986776
D-15206,E1,677.3997222222222,1.73,675.6697222222222,0.6707868623509268,-0.34940097415874305
D-15206,W,0.0,1.42,-1.42,0.6707868623509268,-0.3502056476483869
D-15206,L,0.0,5.92,-5.92,0.6707868623509268,-0.3502109955817325
D-15206,U,0.0,64.62,-64.62,0.6707868623509268,-0.35028075640115097
F-04071,L,23760.0,203.96,23556.04,0.6574777506896619,-0.352961256902101
A-61117,1,8067.32599974086,715.03,7352.295999740861,0.6656527559359159,-0.35332912425789353
A-61117,2,6037.624816199123,776.19,5261.434816199124,0.6656527559359159,-0.35581396564553047
A-61117,3,4726.128401884246,283.58,4442.548401884246,0.6656527559359159,-0.35678715452582555
F-04070,2,58914.841626983536,75089.07,-16174.22837301647,0.6756374461020103,-0.3582181483475123
A-61117,E1,875.8805555555555,13.1,862.7805555555555,0.6656527559359159,-0.3610414567113116
A-61117,W,0.0,1.78,-1.78,0.6656527559359159,-0.3620689260944888
A-61117,L,0.0,7.41,-7.41,0.6656527559359159,-0.3620756169533189
A-61117,U,0.0,80.91,-80.91,0.6656527559359159,-0.3621629665312961
F-04001,E1,45.90899859943979,2.47,43.43899859943979,0.663713784122937,-0.3664953688492567
F-04001,W,0.0,5.05,-5.05,0.663713784122937,-0.36655299461203494
F-04001,L,0.0,21.01,-21.01,0.663713784122937,-0.36657196194896713
F-04001,U,0.0,229.36,-229.36,0.663713784122937,-0.3668195712628658
T-31541,2,37050.34031733986,29305.01,7745.3303173398635,0.6592677348093554,-0.3676152409540425
D-18206,3,10236.603330340007,1479.71,8756.893330340008,0.6569997946897166,-0.37165336501230106
F-04071,1,45429.24187369432,38067.21,7362.031873694323,0.6574777506896619,-0.3722066960258077
T-31541,3,11702.01078240455,7938.87,3763.14078240455,0.6592677348093554,-0.37234779299896614
D-14212,1,1460.7887635041752,0.0,1460.7887635041752,0.6603818056408947,-0.37250980769949193
D-14212,2,721.2890436412263,0.0,721.2890436412263,0.6603818056408947,-0.37338865107968644
D-14212,3,288.4842801206232,0.0,288.4842801206232,0.6603818056408947,-0.37390300908567353
T-31541,1,13012.102422431479,10705.97,2306.1324224314794,0.6592677348093554,-0.3740793449085298
D-14212,E1,0.0,0.0,0.0,0.6603818056408947,-0.3742458523526341
D-14212,L,0.0,0.0,0.0,0.6603818056408947,-0.3742458523526341
D-14212,U,0.0,0.0,0.0,0.6603818056408947,-0.3742458523526341
D-14212,W,0.0,0.0,0.0,0.6603818056408947,-0.3742458523526341
D-18206,2,8584.898202091528,2434.89,6150.008202091529,0.6569997946897166,-0.3747514645468262
D-18206,1,7238.0897504376135,1294.7,5943.389750437614,0.6569997946897166,-0.37499701603736046
T-31541,E1,0.0,7.82,-7.82,0.6592677348093554,-0.3768293145351794
T-31541,W,0.0,47.79,-47.79,0.6592677348093554,-0.37687681606758416
T-31541,L,0.0,198.73,-198.73,0.6592677348093554,-0.37705619763629006
T-31541,U,0.0,2169.81,-2169.81,0.6592677348093554,-0.3793986875160089
D-18012,1,360.0,0.0,360.0,0.6574255504091067,-0.38064873200003424
D-18012,3,210.0,0.0,210.0,0.6574255504091067,-0.3808269964448857
F-04071,E1,95.92721518987348,9.27,86.65721518987348,0.6574777506896619,-0.3808529668563724
D-18012,2,60.0,0.0,60.0,0.6574255504091067,-0.3810052608897372
F-04071,W,0.0,90.76,-90.76,0.6574777506896619,-0.38106381473219186
D-18012,E1,0.0,0.0,0.0,0.6574255504091067,-0.38107656666767775
D-18012,L,0.0,0.0,0.0,0.6574255504091067,-0.38107656666767775
D-18012,U,0.0,0.0,0.0,0.6574255504091067,-0.38107656666767775
D-18012,W,0.0,0.0,0.0,0.6574255504091067,-0.38107656666767775
D-18206,E1,27.250277777777775,8.75,18.500277777777775,0.6569997946897166,-0.3820383302550271
D-18206,W,0.0,5.2,-5.2,0.6569997946897166,-0.38206649636743295
D-18206,L,0.0,21.63,-21.63,0.6569997946897166,-0.3820860222662924
D-18206,U,0.0,236.12,-236.12,0.6569997946897166,-0.3823409285381336
T-31510R,E1,0.0,9.36,-9.36,0.6562556280093684,-0.3837909094948587
T-31510R,W,0.0,57.21,-57.21,0.6562556280093684,-0.3838477758527664
T-31510R,L,0.0,237.89,-237.89,0.6562556280093684,-0.3840625013187381
T-31510,3,11478.514245296086,7999.94,3478.5742452960867,0.6540510290855184,-0.384739684626325
F-04071,U,0.0,4120.81,-4120.81,0.6574777506896619,-0.38585324557201617
T-31510R,U,0.0,2597.39,-2597.39,0.6562556280093684,-0.3868666010362516
T-31510,E1,0.0,53.58,-53.58,0.6540510290855184,-0.3889374013974414
T-31510,W,0.0,327.35,-327.35,0.6540510290855184,-0.389262757777888
T-31510,L,0.0,1361.28,-1361.28,0.6540510290855184,-0.39049151082765643
T-32206,E1,0.0,41.06,-41.06,0.6529957816738681,-0.3913607737068192
T-32206,W,0.0,250.85,-250.85,0.6529957816738681,-0.3916100943593884
D-18100N,2,2384.548545093259,0.0,2384.548545093259,0.6513977713234498,-0.3921704664733552
F-04071,2,41932.91126483049,51605.84,-9672.92873516951,0.6574777506896619,-0.3924515479991788
T-32206,L,0.0,1043.16,-1043.16,0.6529957816738681,-0.3925516990413902
D-18100N,1,1995.0478701896036,0.0,1995.0478701896036,0.6513977713234498,-0.3926333606172283
T-31510R,3,0.0,7511.24,-7511.24,0.6562556280093684,-0.39270636598514075
D-18100N,3,1209.8980184433644,0.0,1209.8980184433644,0.6513977713234498,-0.39356645596687334
D-18100N,E1,0.0,0.0,0.0,0.6513977713234498,-0.39500433462410467
D-18100N,L,0.0,0.0,0.0,0.6513977713234498,-0.39500433462410467
D-18100N,U,0.0,0.0,0.0,0.6513977713234498,-0.39500433462410467
D-18100N,W,0.0,0.0,0.0,0.6513977713234498,-0.39500433462410467
T-32206,3,12520.576062611386,17047.88,-4527.303937388615,0.6529957816738681,-0.3966923589399314
T-32202,1,186388.99607093248,4703.65,181685.3460709325,0.5566442510495523,-0.39802128031485473
D-17206,2,3155.259946579277,0.0,3155.259946579277,0.6482407583428935,-0.3985491147624092
D-17206,1,1457.4150144475618,0.0,1457.4150144475618,0.6482407583428935,-0.40056688399087803
D-17206,3,1223.3010096798546,0.0,1223.3010096798546,0.6482407583428935,-0.40084511201149053
D-17206,E1,65.10194444444446,0.0,65.10194444444446,0.6482407583428935,-0.4022215501007683
D-17206,L,0.0,0.0,0.0,0.6482407583428935,-0.4022989191806693
D-17206,U,0.0,0.0,0.0,0.6482407583428935,-0.4022989191806693
D-17206,W,0.0,0.0,0.0,0.6482407583428935,-0.4022989191806693
F-04076,L,49808.94827586207,13069.22,36739.72827586207,0.6291781765400997,-0.40268228074126444
T-32206,U,0.0,11389.48,-11389.48,0.6529957816738681,-0.40484757231509416
T-31510R,1,996.7064646957895,18740.45,-17743.743535304213,0.6562556280093684,-0.4048669763995518
T-31510,U,0.0,14862.84,-14862.84,0.6540510290855184,-0.40653716481451474
T-32300,E1,0.0,10.98,-10.98,0.6418124336802509,-0.41716523548203754
T-32300,W,0.0,67.08,-67.08,0.6418124336802509,-0.417231906384412
T-32300,3,6517.209168700591,6596.79,-79.5808312994086,0.6418124336802509,-0.4172467627427572
T-32300,L,0.0,278.93,-278.93,0.6418124336802509,-0.4174836752020239
D-13306,2,4481.361846540877,0.0,4481.361846540877,0.6388341300334823,-0.41870806262839166
T-32300,U,0.0,3045.41,-3045.41,0.6418124336802509,-0.42077144201130845
F-04076,1,52467.307480006275,31130.27,21337.037480006275,0.6291781765400997,-0.42098729490087783
D-13306,3,1920.9652301885787,0.0,1920.9652301885787,0.6388341300334823,-0.4217509138378157
D-13400,2,6953.298333333336,0.0,6953.298333333336,0.6357673337323345,-0.4228564702307137
T-31510,1,102707.80009691024,131346.56,-28638.759903089755,0.6540510290855184,-0.4229088762401316
D-13306,1,676.4641155403452,0.0,676.4641155403452,0.6388341300334823,-0.42322991583994773
D-13306,E1,73.44444444444446,0.0,73.44444444444446,0.6388341300334823,-0.42394656228596383
D-13306,L,0.0,0.0,0.0,0.6388341300334823,-0.42403384584007264
D-13306,U,0.0,0.0,0.0,0.6388341300334823,-0.42403384584007264
D-13306,W,0.0,0.0,0.0,0.6388341300334823,-0.42403384584007264
T-32206,1,59017.714935847456,86942.51,-27924.79506415254,0.6529957816738681,-0.4244986307174623
D-13200N,2,4041.4201256872384,0.0,4041.4201256872384,0.6354268513380006,-0.42710375015953095
T-32300,1,6922.56908143315,15508.19,-8585.62091856685,0.6418124336802509,-0.42735559283636404
D-13200N,1,3132.677276631661,0.0,3132.677276631661,0.6354268513380006,-0.42818372708952845
T-31510R,2,1233.4212199401345,38658.46,-37425.03878005986,0.6562556280093684,-0.42825681087131273
F-04076,2,59879.755241954765,45384.33,14495.425241954763,0.6291781765400997,-0.42911806961757937
D-13200N,3,1021.0237411066822,0.0,1021.0237411066822,0.6354268513380006,-0.43069327872438845
D-13400,1,0.0,0.0,0.0,0.6357673337323345,-0.4311199760125689
D-13400,3,0.0,0.0,0.0,0.6357673337323345,-0.4311199760125689
D-13400,E1,0.0,0.0,0.0,0.6357673337323345,-0.4311199760125689
D-13400,L,0.0,0.0,0.0,0.6357673337323345,-0.4311199760125689
D-13400,U,0.0,0.0,0.0,0.6357673337323345,-0.4311199760125689
D-13400,W,0.0,0.0,0.0,0.6357673337323345,-0.4311199760125689
D-13200N,E1,0.0,0.0,0.0,0.6354268513380006,-0.4319066935936454
D-13200N,L,0.0,0.0,0.0,0.6354268513380006,-0.4319066935936454
D-13200N,U,0.0,0.0,0.0,0.6354268513380006,-0.4319066935936454
D-13200N,W,0.0,0.0,0.0,0.6354268513380006,-0.4319066935936454
D-14206,1,8255.188117745543,1330.73,6924.458117745544,0.6312023872914377,-0.43343849611004304
D-14206,3,7207.06027048214,1379.93,5827.13027048214,0.6312023872914377,-0.4347425930401261
D-16100N,2,2065.8532701152953,0.0,2065.8532701152953,0.6326264801865479,-0.43592210138620113
D-16100N,1,1851.2706334895765,0.0,1851.2706334895765,0.6326264801865479,-0.43617711775015355
D-14206,2,6395.965526517605,1826.26,4569.705526517605,0.6312023872914377,-0.436236953866295
D-16100N,3,670.3153416520829,0.0,670.3153416520829,0.6326264801865479,-0.43758060001344556
T-22010,E1,0.0,27.53,-27.53,0.6329225439870138,-0.4377258559825914
T-22010,W,0.0,168.2,-168.2,0.6329225439870138,-0.43789303237897304
D-16100N,E1,0.0,0.0,0.0,0.6326264801865479,-0.4383772226284791
D-16100N,L,0.0,0.0,0.0,0.6326264801865479,-0.4383772226284791
D-16100N,U,0.0,0.0,0.0,0.6326264801865479,-0.4383772226284791
D-16100N,W,0.0,0.0,0.0,0.6326264801865479,-0.4383772226284791
T-22010,L,0.0,699.45,-699.45,0.6329225439870138,-0.43852438562115537
F-04076,3,10063.6168101665,3555.45,6508.166810166501,0.6291781765400997,-0.4386103642190988
T-31520,2,121319.55016134851,21655.39,99664.16016134851,0.5803082437724081,-0.44081973877508474
D-14206,E1,44.515416666666674,7.1,37.41541666666667,0.6312023872914377,-0.4416232617352174
D-14206,W,0.0,4.53,-4.53,0.6312023872914377,-0.441673110911325
D-14206,L,0.0,18.83,-18.83,0.6312023872914377,-0.4416901054550675
D-14206,U,0.0,205.62,-205.62,0.6312023872914377,-0.44191209222609285
T-31520,3,105721.39493218757,7060.85,98660.54493218756,0.5803082437724081,-0.44201246485289036
D-15400,2,13436.87916666667,0.0,13436.87916666667,0.6223926485977354,-0.44605469729247293
F-04076,E1,0.0,15.19,-15.19,0.6291781765400997,-0.44636291475464784
F-04076,W,0.0,92.83,-92.83,0.6291781765400997,-0.44645518443130294
T-22010,U,0.0,7636.75,-7636.75,0.6329225439870138,-0.4467688785096091
AC-B8BK,1,30996.57368305893,3651.03,27345.54368305893,0.6134830828107628,-0.45011164374713863
A-61234,2,4554.127565688864,0.0,4554.127565688864,0.6247495903648723,-0.45116528005888257
T-22010,3,5258.933073499595,16595.9,-11336.966926500407,0.6329225439870138,-0.4511663259511597
F-04076,U,0.0,4214.7,-4214.7,0.6291781765400997,-0.45135373687996894
A-61234,1,2790.0,0.0,2790.0,0.6247495903648723,-0.4532618215331805
AC-B8BK,3,25862.4808465208,1642.3,24220.1808465208,0.6134830828107628,-0.45382591755390433
T-32300,2,12961.68381440684,45194.62,-32232.936185593164,0.6418124336802509,-0.4554587630250574
AC-B8BK,2,23997.837067900153,1384.48,22613.357067900153,0.6134830828107628,-0.4557355145463706
A-61234,3,614.1544341236806,0.0,614.1544341236806,0.6247495903648723,-0.45584766087907025
A-61234,E1,0.0,0.0,0.0,0.6247495903648723,-0.4565775402074178
A-61234,L,0.0,0.0,0.0,0.6247495903648723,-0.4565775402074178
A-61234,U,0.0,0.0,0.0,0.6247495903648723,-0.4565775402074178
A-61234,W,0.0,0.0,0.0,0.6247495903648723,-0.4565775402074178
D-14106,2,6632.293158213019,0.0,6632.293158213019,0.6200203404199394,-0.45962291697524693
D-15400,1,0.0,0.0,0.0,0.6223926485977354,-0.4620234826603532
D-15400,3,0.0,0.0,0.0,0.6223926485977354,-0.4620234826603532
D-15400,E1,0.0,0.0,0.0,0.6223926485977354,-0.4620234826603532
D-15400,L,0.0,0.0,0.0,0.6223926485977354,-0.4620234826603532
D-15400,U,0.0,0.0,0.0,0.6223926485977354,-0.4620234826603532
D-15400,W,0.0,0.0,0.0,0.6223926485977354,-0.4620234826603532
D-14106,3,3204.057999461124,0.0,3204.057999461124,0.6200203404199394,-0.4636971332245481
D-14106,1,3024.348227609897,0.0,3024.348227609897,0.6200203404199394,-0.4639107056426377
D-17106,3,10193.902272129211,0.0,10193.902272129211,0.616185744139073,-0.4642504016274852
D-17106,2,8064.390100485898,0.0,8064.390100485898,0.616185744139073,-0.46678117699470145
D-14106,E1,67.11443661971829,0.0,67.11443661971829,0.6200203404199394,-0.4674251699096168
D-14106,L,0.0,0.0,0.0,0.6200203404199394,-0.46750493069485366
D-14106,U,0.0,0.0,0.0,0.6200203404199394,-0.46750493069485366
D-14106,W,0.0,0.0,0.0,0.6200203404199394,-0.46750493069485366
D-17106,1,6482.01939687214,0.0,6482.01939687214,0.616185744139073,-0.4686617132282276
A-61220,1,7649.099656006935,1522.51,6126.589656006935,0.616164864623497,-0.4691323606094464
A-61220,3,8689.8317526894,2719.33,5970.501752689401,0.616164864623497,-0.46931786009899923
D-17200,1,10471.539189846255,0.0,10471.539189846255,0.6131474474687866,-0.4709407286998568
A-61220,2,3143.6595795955254,504.66,2638.9995795955256,0.616164864623497,-0.4732771160017194
AC-B8BK,W,7903.344444444445,297.49,7605.854444444445,0.6134830828107628,-0.4735708753715522
T-22010,1,29106.18234581563,60264.09,-31157.907654184368,0.6329225439870138,-0.47472211925285546
A-61220,E1,249.25000000000003,12.67,236.58000000000004,0.616164864623497,-0.476132222619432
D-17106,E1,26.14999999999999,0.0,26.14999999999999,0.616185744139073,-0.4763340597220074
D-17106,L,0.0,0.0,0.0,0.616185744139073,-0.4763651371568932
D-17106,U,0.0,0.0,0.0,0.616185744139073,-0.4763651371568932
D-17106,W,0.0,0.0,0.0,0.616185744139073,-0.4763651371568932
A-61220,W,0.0,4.74,-4.74,0.616164864623497,-0.47641901445830903
A-61220,L,0.0,19.72,-19.72,0.616164864623497,-0.4764368171342015
A-61220,U,0.0,215.36,-215.36,0.616164864623497,-0.4766693215074731
D-17200,2,1363.770886404163,0.0,1363.770886404163,0.6131474474687866,-0.48176467043618265
D-17200,3,997.1827441882015,0.0,997.1827441882015,0.6131474474687866,-0.48220033464725764
AC-B8BK,E1,0.0,1.14,-1.14,0.6134830828107628,-0.48261125298239926
AC-B8BK,L,0.0,28.91,-28.91,0.6134830828107628,-0.4826442556732895
AC-B8BK,U,0.0,315.64,-315.64,0.6134830828107628,-0.4829850141017712
D-17200,E1,0.0,0.0,0.0,0.6131474474687866,-0.4833854161693122
D-17200,L,0.0,0.0,0.0,0.6131474474687866,-0.4833854161693122
D-17200,U,0.0,0.0,0.0,0.6131474474687866,-0.4833854161693122
D-17200,W,0.0,0.0,0.0,0.6131474474687866,-0.4833854161693122
D-18106,2,4825.208384267367,0.0,4825.208384267367,0.6087682823579432,-0.48776948108158824
T-31510,2,105785.80143398733,189102.45,-83316.64856601268,0.6540510290855184,-0.48788969936110593
A-61150,1,43698.071132870304,19523.72,24174.351132870303,0.5978357676238901,-0.49003502165335333
AC-B4BK,1,50086.54562569958,5000.47,45086.07562569958,0.5868204395628679,-0.49063489199784116
D-18106,3,2104.158967603466,0.0,2104.158967603466,0.6087682823579432,-0.4910032568394216
T-32206,2,63660.09358333999,147702.06,-84041.96641666,0.6529957816738681,-0.4911899400360573
D-18106,1,1201.8009051762513,0.0,1201.8009051762513,0.6087682823579432,-0.4920756458997938
D-18106,E1,37.78846153846155,0.0,37.78846153846155,0.6087682823579432,-0.493458992780229
D-18106,L,0.0,0.0,0.0,0.6087682823579432,-0.493503901707682
D-18106,U,0.0,0.0,0.0,0.6087682823579432,-0.493503901707682
D-18106,W,0.0,0.0,0.0,0.6087682823579432,-0.493503901707682
D-17100N,1,2233.403779197366,0.0,2233.403779197366,0.6061696192142279,-0.4968541216033361
D-17100N,3,1248.1120758417433,0.0,1248.1120758417433,0.6061696192142279,-0.49802507146010566
D-17100N,2,1101.1353938250468,0.0,1101.1353938250468,0.6061696192142279,-0.4981997429042778
AC-B16BK,1,17323.266800781144,0.0,17323.266800781144,0.5977883630519019,-0.49828658614663046
D-17100N,E1,0.0,0.0,0.0,0.6061696192142279,-0.4995083648355213
D-17100N,L,0.0,0.0,0.0,0.6061696192142279,-0.4995083648355213
D-17100N,U,0.0,0.0,0.0,0.6061696192142279,-0.4995083648355213
D-17100N,W,0.0,0.0,0.0,0.6061696192142279,-0.4995083648355213
AC-B16BK,2,15565.762475468662,0.0,15565.762475468662,0.5977883630519019,-0.5003752563658029
AC-B16BK,3,15014.010859395157,0.0,15014.010859395157,0.5977883630519019,-0.5010309743360379
A-61150,2,26008.720881030673,15882.87,10125.850881030672,0.5978357676238901,-0.5067306756426191
D-14200N,1,4179.008409876225,0.0,4179.008409876225,0.5993857910791741,-0.5102165999896504
D-14100N,1,2633.201906751747,0.0,2633.201906751747,0.600119878618835,-0.5103575018153839
AC-B4BK,2,28389.015830455726,571.89,27817.125830455727,0.5868204395628679,-0.5111578236539541
D-14100N,2,1840.5064441569,0.0,1840.5064441569,0.600119878618835,-0.5112995645925555
D-14200N,2,2498.8965081442643,0.0,2498.8965081442643,0.5993857910791741,-0.512213294759321
D-14100N,3,941.3814563402453,0.0,941.3814563402453,0.600119878618835,-0.512368111371257
T-22010,2,29048.5999685838,91902.08,-62853.4800314162,0.6329225439870138,-0.5123900766800331
D-14200N,3,1962.0504095447006,0.0,1962.0504095447006,0.5993857910791741,-0.5128512985709045
D-14100N,E1,0.0,0.0,0.0,0.600119878618835,-0.5134868769893101
D-14100N,L,0.0,0.0,0.0,0.600119878618835,-0.5134868769893101
D-14100N,U,0.0,0.0,0.0,0.600119878618835,-0.5134868769893101
D-14100N,W,0.0,0.0,0.0,0.600119878618835,-0.5134868769893101
AC-B4BK,3,29073.080589181158,3363.12,25709.96058918116,0.5868204395628679,-0.5136620412669283
D-15200N,3,4487.460791574719,0.0,4487.460791574719,0.5976323441900833,-0.5139015350688728
D-14200N,E1,0.0,0.0,0.0,0.5993857910791741,-0.5151830574177584
D-14200N,L,0.0,0.0,0.0,0.5993857910791741,-0.5151830574177584
D-14200N,U,0.0,0.0,0.0,0.5993857910791741,-0.5151830574177584
D-14200N,W,0.0,0.0,0.0,0.5993857910791741,-0.5151830574177584
D-15200N,1,2566.217472989132,0.0,2566.217472989132,0.5976323441900833,-0.5161847975596211
D-15200N,2,2238.2233986541996,0.0,2238.2233986541996,0.5976323441900833,-0.5165745954367937
D-13300N,1,1627.9012097251345,0.0,1627.9012097251345,0.5977732467289546,-0.5169743514351612
D-13300N,2,748.4903800868578,0.0,748.4903800868578,0.5977732467289546,-0.5180194693241068
A-61150,E1,523.1770833333331,253.87,269.30708333333314,0.5978357676238901,-0.5184444843642901
D-13300N,3,195.9460309237947,0.0,195.9460309237947,0.5977732467289546,-0.5186761294018359
AC-B16BK,E1,64.09999999999997,0.0,64.09999999999997,0.5977883630519019,-0.518797891402231
A-61150,W,0.0,58.11,-58.11,0.5978357676238901,-0.5188335965282588
AC-B16BK,L,0.0,0.0,0.0,0.5977883630519019,-0.5188740697416642
AC-B16BK,U,0.0,0.0,0.0,0.5977883630519019,-0.5188740697416642
AC-B16BK,W,0.0,0.0,0.0,0.5977883630519019,-0.5188740697416642
D-13300N,E1,0.0,0.0,0.0,0.5977732467289546,-0.5189089974713258
D-13300N,L,0.0,0.0,0.0,0.5977732467289546,-0.5189089974713258
D-13300N,U,0.0,0.0,0.0,0.5977732467289546,-0.5189089974713258
D-13300N,W,0.0,0.0,0.0,0.5977732467289546,-0.5189089974713258
A-61150,L,0.0,241.65,-241.65,0.5978357676238901,-0.519051720902979
D-15200N,E1,0.0,0.0,0.0,0.5976323441900833,-0.519234566447558
D-15200N,L,0.0,0.0,0.0,0.5976323441900833,-0.519234566447558
D-15200N,U,0.0,0.0,0.0,0.5976323441900833,-0.519234566447558
D-15200N,W,0.0,0.0,0.0,0.5976323441900833,-0.519234566447558
A-61150,U,0.0,2638.43,-2638.43,0.5978357676238901,-0.5219001252771863
T-31520,1,31463.349287728328,3383.9,28079.449287728326,0.5803082437724081,-0.5258931304000081
AC-B4BK,W,6035.344444444447,164.24,5871.104444444447,0.5868204395628679,-0.5372391257811253
A-61150,3,6425.155792055358,22645.34,-16220.184207944643,0.5978357676238901,-0.5380410844371083
AC-B4BK,E1,134.33750000000003,0.74,133.59750000000003,0.5868204395628679,-0.5440577490496774
AC-B4BK,L,0.0,37.72,-37.72,0.5868204395628679,-0.5442613478432163
AC-B4BK,U,0.0,411.81,-411.81,0.5868204395628679,-0.5447059274843795
T-31520,E1,0.0,5.24,-5.24,0.5803082437724081,-0.5592698073646931
T-31520,W,0.0,31.99,-31.99,0.5803082437724081,-0.5593015978573583
T-31520,L,0.0,133.04,-133.04,0.5803082437724081,-0.5594216886717066
T-31520,U,0.0,1452.58,-1452.58,0.5803082437724081,-0.5609898691087686
T-32202,E1,0.0,4.31,-4.31,0.5566442510495523,-0.6139466514797767
T-32202,W,0.0,26.34,-26.34,0.5566442510495523,-0.6139728325845772
T-32202,L,0.0,109.55,-109.55,0.5566442510495523,-0.6140717218142845
T-32202,U,0.0,1196.08,-1196.08,0.5566442510495523,-0.6153629862627142
A-61012,1,16490.176399935935,1690.45,14799.726399935935,0.5472964960889094,-0.6179519900232484
A-61012,2,10767.458931410145,1370.33,9397.128931410145,0.5472964960889094,-0.6243725969464663
A-61012,3,6800.142225689771,837.44,5962.702225689771,0.5472964960889094,-0.6284541714136549
A-61012,W,992.1222222222218,115.34,876.7822222222218,0.5472964960889094,-0.6344984294535022
A-61012,E1,109.62595238095233,15.43,94.19595238095232,0.5472964960889094,-0.6354284781664464
A-61012,L,0.0,16.7,-16.7,0.5472964960889094,-0.6355602702023628
A-61012,U,0.0,182.32,-182.32,0.5472964960889094,-0.6357570979180716
T-32224,2,47902.18559113299,1864.86,46037.32559113299,0.5201935305970687,-0.6434523308388824
D-18200N,3,2386.9452810654943,0.0,2386.9452810654943,0.5337594929628323,-0.6639822650281446
D-18200N,2,1910.1370430631819,0.0,1910.1370430631819,0.5337594929628323,-0.6645489180671318
D-18200N,1,1627.9363095113151,0.0,1627.9363095113151,0.5337594929628323,-0.6648842937811538
D-18200N,E1,0.0,0.0,0.0,0.5337594929628323,-0.6668189815309443
D-18200N,L,0.0,0.0,0.0,0.5337594929628323,-0.6668189815309443
D-18200N,U,0.0,0.0,0.0,0.5337594929628323,-0.6668189815309443
D-18200N,W,0.0,0.0,0.0,0.5337594929628323,-0.6668189815309443
T-32224,1,18039.362068965518,745.56,17293.802068965517,0.5201935305970687,-0.6776119859305771
T-32224,E1,0.0,0.43,-0.43,0.5201935305970687,-0.698164963789954
T-32224,W,0.0,2.6,-2.6,0.5201935305970687,-0.6981675426822562
T-32224,L,0.0,10.82,-10.82,0.5201935305970687,-0.698177311573834
T-32224,U,0.0,118.13,-118.13,0.5201935305970687,-0.6983048419576808
T-32224,3,0.0,341.6,-341.6,0.5201935305970687,-0.6985704203276205
F-76010,1,2693.156801500975,1139.38,1553.7768015009747,0.5015480981317553,-0.7393999777142279
F-76010,2,4915.129345730497,3995.52,919.6093457304974,0.5015480981317553,-0.7401536411105332
F-76010,3,3240.1228515480984,2940.83,299.2928515480985,0.5015480981317553,-0.7408908436136507
F-76010,E1,0.0,1.32,-1.32,0.5015480981317553,-0.7412481008342936
F-76010,W,0.0,8.05,-8.05,0.5015480981317553,-0.7412560989657193
F-76010,L,0.0,33.47,-33.47,0.5015480981317553,-0.7412863088469734
F-76010,U,0.0,365.44,-365.44,0.5015480981317553,-0.7416808318320224
T-47010,E1,0.0,6.75,-6.75,0.5010512570395619,-0.7424025535182862
T-47010,W,0.0,41.22,-41.22,0.5010512570395619,-0.7424435186877132
T-47010,L,0.0,171.4,-171.4,0.5010512570395619,-0.7425982284572515
T-47010,2,10278.004402205113,12115.07,-1837.0655977948863,0.5010512570395619,-0.7445777548112454
T-47010,U,0.0,1871.39,-1871.39,0.5010512570395619,-0.7446185469479385
T-47010,1,6336.432772502927,10465.43,-4128.997227497073,0.5010512570395619,-0.747301554275288
T-47010,3,11441.180530648837,18774.74,-7333.559469351165,0.5010512570395619,-0.7511099510021952
F-12998,2,2257.472631479638,0.0,2257.472631479638,0.45264321079003966,-0.8515631681546584
F-12998,1,1592.2664272509528,0.0,1592.2664272509528,0.45264321079003966,-0.8523537189193823
F-12418,2,2246.8080802915692,11.43,2235.3780802915694,0.4519917207511387,-0.8530947568693127
F-12998,3,855.795606570696,0.0,855.795606570696,0.45264321079003966,-0.8532289626660348
F-12998,E1,0.0,0.0,0.0,0.45264321079003966,-0.8542460155241124
F-12998,L,0.0,0.0,0.0,0.45264321079003966,-0.8542460155241124
F-12998,U,0.0,0.0,0.0,0.45264321079003966,-0.8542460155241124
F-12998,W,0.0,0.0,0.0,0.45264321079003966,-0.8542460155241124
F-12418,3,1007.7016811975182,0.21,1007.4916811975181,0.4519917207511387,-0.8545540134511471
F-12418,1,746.9658002668787,0.73,746.2358002668786,0.4519917207511387,-0.8548644976816689
F-12418,E1,0.0,0.0,0.0,0.4519917207511387,-0.8557513464194214
F-12418,W,0.0,0.01,-0.01,0.4519917207511387,-0.8557513583037177
F-12418,L,0.0,0.05,-0.05,0.4519917207511387,-0.855751405840903
F-12418,U,0.0,0.56,-0.56,0.4519917207511387,-0.8557520119400155
F-20141,2,5361.015776838973,595.95,4765.065776838973,0.43019958162183797,-0.9004412512050874
F-20141,1,3557.833499656572,120.34,3437.4934996565717,0.43019958162183797,-0.9020189774383682
F-20141,3,3394.73804671574,102.33,3292.40804671574,0.43019958162183797,-0.9021914012898651
F-20141,E1,0.0,0.13,-0.13,0.43019958162183797,-0.9061043510701992
F-20141,W,0.0,0.82,-0.82,0.43019958162183797,-0.9061051710866455
F-20141,L,0.0,3.39,-3.39,0.43019958162183797,-0.9061082253508006
F-20141,U,0.0,37.04,-37.04,0.43019958162183797,-0.9061482160079289
J-72402,1,6697.908694023979,5977.54,720.3686940239786,0.4218248782647207,-0.9245986530865856
J-72402,E1,0.0,1.09,-1.09,0.4218248782647207,-0.9254560559770753
J-72402,W,0.0,6.67,-6.67,0.4218248782647207,-0.9254626874144238
J-72402,3,125.4654108740584,149.44,-23.97458912594159,0.4218248782647207,-0.9254832527009166
J-72402,L,0.0,27.74,-27.74,0.4218248782647207,-0.9254877276267772
J-72402,U,0.0,302.9,-302.9,0.4218248782647207,-0.9258147359244128
J-72402,2,0.0,566.62,-566.62,0.4218248782647207,-0.9261281485870543
F-12402,2,13408.845017473725,1287.14,12121.705017473725,0.4097671632492982,-0.9389094866617567
F-12402,3,8264.905119350524,153.99,8110.915119350524,0.4097671632492982,-0.9436760282257886
F-12402,1,5011.921486670573,205.62,4806.3014866705735,0.4097671632492982,-0.9476033289903104
F-12402,E1,0.0,0.27,-0.27,0.4097671632492982,-0.9533156009750452
F-12402,W,0.0,1.64,-1.64,0.4097671632492982,-0.9533172291236415
F-12402,L,0.0,6.83,-6.83,0.4097671632492982,-0.9533233970734333
F-12402,U,0.0,74.52,-74.52,0.4097671632492982,-0.9534038418752466
F-12122,2,9087.295231955513,1269.36,7817.935231955514,0.3958721068580796,-0.9761300890906233
F-12122,3,7089.464364590399,164.51,6924.954364590399,0.3958721068580796,-0.9771913340145153
F-12122,1,1705.0563003086063,199.55,1505.5063003086063,0.3958721068580796,-0.9836319666850523
F-12122,E1,0.0,0.27,-0.27,0.3958721068580796,-0.985421475860019
F-12122,W,0.0,1.63,-1.63,0.3958721068580796,-0.985423092124319
F-12122,L,0.0,6.77,-6.77,0.3958721068580796,-0.9854292006526293
F-12122,U,0.0,73.91,-73.91,0.3958721068580796,-0.9855089918181448
F-97000,2,16149.034435567328,1035.69,15113.344435567327,0.3459057626850221,-1.0829120909444767
F-97000,E1,0.0,0.17,-0.17,0.3459057626850221,-1.10087343934855
F-97000,W,0.0,1.03,-1.03,0.3459057626850221,-1.1008744613980337
F-97000,L,0.0,4.29,-4.29,0.3459057626850221,-1.1008783356786354
F-97000,U,0.0,46.87,-46.87,0.3459057626850221,-1.1009289390123804
F-97000,3,0.0,135.53,-135.53,0.3459057626850221,-1.101034305183584
F-97000,1,0.0,216.42,-216.42,0.3459057626850221,-1.1011304372565442
F-50139,E1,0.0,0.0,0.0,0.0,-1.9001220367500578
F-00376,1,0.0,0.0,0.0,0.0,-1.9001220367500578
F-00376,2,0.0,0.0,0.0,0.0,-1.9001220367500578
F-00376,3,0.0,0.0,0.0,0.0,-1.9001220367500578
F-00376,E1,0.0,0.0,0.0,0.0,-1.9001220367500578
F-00376,L,0.0,0.0,0.0,0.0,-1.9001220367500578
F-00376,U,0.0,0.0,0.0,0.0,-1.9001220367500578
F-00376,W,0.0,0.0,0.0,0.0,-1.9001220367500578
F-00377,1,0.0,0.0,0.0,0.0,-1.9001220367500578
F-00377,2,0.0,0.0,0.0,0.0,-1.9001220367500578
F-00377,3,0.0,0.0,0.0,0.0,-1.9001220367500578
F-00377,E1,0.0,0.0,0.0,0.0,-1.9001220367500578
F-00377,L,0.0,0.0,0.0,0.0,-1.9001220367500578
F-00377,U,0.0,0.0,0.0,0.0,-1.9001220367500578
F-00377,W,0.0,0.0,0.0,0.0,-1.9001220367500578
F-50139,W,0.0,0.02,-0.02,0.0,-1.9001220605186506
F-50140,E1,0.0,0.05,-0.05,0.0,-1.9001220961715395
F-00378,E1,0.0,0.05,-0.05,0.0,-1.9001220961715395
F-50139,L,0.0,0.09,-0.09,0.0,-1.9001221437087248
F-00373,E1,0.0,0.1,-0.1,0.0,-1.9001221555930212
D-03052,E1,0.0,0.15,-0.15,0.0,-1.9001222150145027
F-00375,E1,0.0,0.16,-0.16,0.0,-1.900122226898799
F-00372,E1,0.0,0.2,-0.2,0.0,-1.9001222744359842
AC-B6SLJ ,E1,0.0,0.26,-0.26,0.0,-1.9001223457417622
D-04033,E1,0.0,0.27,-0.27,0.0,-1.9001223576260586
F-00378,W,0.0,0.28,-0.28,0.0,-1.9001223695103548
F-50140,W,0.0,0.33,-0.33,0.0,-1.9001224289318366
D-04043,E1,0.0,0.46,-0.46,0.0,-1.9001225834276887
F-00373,W,0.0,0.63,-0.63,0.0,-1.9001227854607263
D-03053,E1,0.0,0.66,-0.66,0.0,-1.9001228211136152
D-04011,E1,0.0,0.69,-0.69,0.0,-1.900122856766504
AC-B16BK ,E1,0.0,0.77,-0.77,0.0,-1.9001229518408747
D-03052,W,0.0,0.9,-0.9,0.0,-1.900123106336727
F-50139,U,0.0,0.95,-0.95,0.0,-1.9001231657582087
J-63004,E1,0.0,0.95,-0.95,0.0,-1.9001231657582087
F-00375,W,0.0,0.98,-0.98,0.0,-1.9001232014110976
A-61243,E1,0.0,1.05,-1.05,0.0,-1.9001232846011717
J-63006,E1,0.0,1.12,-1.12,0.0,-1.9001233677912461
F-00378,L,0.0,1.14,-1.14,0.0,-1.9001233915598386
F-00372,W,0.0,1.24,-1.24,0.0,-1.900123510402802
F-50140,L,0.0,1.36,-1.36,0.0,-1.900123653014358
AC-B6SLJ ,W,0.0,1.6,-1.6,0.0,-1.9001239382374697
D-04033,W,0.0,1.67,-1.67,0.0,-1.9001240214275439
F-00491,E1,0.0,2.44,-2.44,0.0,-1.9001249365183608
D-04032,E1,0.0,2.48,-2.48,0.0,-1.900124984055546
F-00373,L,0.0,2.64,-2.64,0.0,-1.9001251742042873
F-50139,3,0.0,2.75,-2.75,0.0,-1.9001253049315467
D-04043,W,0.0,2.83,-2.83,0.0,-1.9001254000059173
D-03052,L,0.0,3.75,-3.75,0.0,-1.9001264933611792
D-03054,E1,0.0,3.75,-3.75,0.0,-1.9001264933611792
D-03053,W,0.0,4.04,-4.04,0.0,-1.9001268380057725
F-00375,L,0.0,4.08,-4.08,0.0,-1.9001268855429578
D-04011,W,0.0,4.21,-4.21,0.0,-1.90012704003881
F-50139,1,0.0,4.39,-4.39,0.0,-1.9001272539561438
AC-B16BK ,W,0.0,4.68,-4.68,0.0,-1.9001275986007373
D-04037,E1,0.0,5.07,-5.07,0.0,-1.9001280620882939
F-00372,L,0.0,5.17,-5.17,0.0,-1.9001281809312571
J-63004,W,0.0,5.8,-5.8,0.0,-1.9001289296419255
A-61243,W,0.0,6.39,-6.39,0.0,-1.9001296308154085
AC-B6SLJ ,L,0.0,6.66,-6.66,0.0,-1.9001299516914094
J-63006,W,0.0,6.87,-6.87,0.0,-1.9001302012616321
D-04033,L,0.0,6.94,-6.94,0.0,-1.9001302844517063
D-04061,E1,0.0,7.28,-7.28,0.0,-1.9001306885177813
D-04043,L,0.0,11.79,-11.79,0.0,-1.900136048335423
F-00378,U,0.0,12.49,-12.49,0.0,-1.9001368802361658
F-50139,2,0.0,12.8,-12.8,0.0,-1.9001372486493517
F-50140,U,0.0,14.89,-14.89,0.0,-1.9001397324672835
F-00491,W,0.0,14.93,-14.93,0.0,-1.9001397800044688
D-04032,W,0.0,15.13,-15.13,0.0,-1.9001400176903953
D-03053,L,0.0,16.81,-16.81,0.0,-1.9001420142521774
D-04011,L,0.0,17.49,-17.49,0.0,-1.9001428223843275
AC-B16BK ,L,0.0,19.47,-19.47,0.0,-1.9001451754749996
D-03054,W,0.0,22.94,-22.94,0.0,-1.9001492993258238
J-63004,L,0.0,24.12,-24.12,0.0,-1.90015070167279
A-61243,L,0.0,26.59,-26.59,0.0,-1.900153637093982
J-63006,L,0.0,28.55,-28.55,0.0,-1.9001559664160612
F-00373,U,0.0,28.78,-28.78,0.0,-1.9001562397548768
D-04037,W,0.0,30.99,-30.99,0.0,-1.900158866184364
F-00378,3,0.0,36.12,-36.12,0.0,-1.900164962828378
D-03052,U,0.0,40.95,-40.95,0.0,-1.9001707029435022
F-50140,3,0.0,43.05,-43.05,0.0,-1.9001731986457302
D-04061,W,0.0,44.48,-44.48,0.0,-1.9001748981001043
F-00375,U,0.0,44.53,-44.53,0.0,-1.900174957521586
F-00372,U,0.0,56.47,-56.47,0.0,-1.900189147371396
F-00378,1,0.0,57.67,-57.67,0.0,-1.900190573486955
F-00491,L,0.0,62.09,-62.09,0.0,-1.90019582634593
D-04032,L,0.0,62.93,-62.93,0.0,-1.9001968246268213
F-50140,1,0.0,68.75,-68.75,0.0,-1.9002037412872814
AC-B6SLJ ,U,0.0,72.72,-72.72,0.0,-1.9002084593529218
D-04033,U,0.0,75.75,-75.75,0.0,-1.9002120602947077
F-00373,3,0.0,83.23,-83.23,0.0,-1.9002209497483578
D-03054,L,0.0,95.4,-95.4,0.0,-1.9002354129369834
D-03052,3,0.0,118.43,-118.43,0.0,-1.9002627824714162
D-04043,U,0.0,128.7,-128.7,0.0,-1.9002749876437404
F-00375,3,0.0,128.77,-128.77,0.0,-1.9002750708338145
D-04037,L,0.0,128.87,-128.87,0.0,-1.900275189676778
F-00373,1,0.0,132.9,-132.9,0.0,-1.9002799790481961
F-00372,3,0.0,163.31,-163.31,0.0,-1.9003161191933158
F-00378,2,0.0,168.26,-168.26,0.0,-1.9003220019199958
D-03053,U,0.0,183.59,-183.59,0.0,-1.9003402205462598
D-04061,L,0.0,184.96,-184.96,0.0,-1.900341848694856
D-03052,1,0.0,189.11,-189.11,0.0,-1.9003467806778302
D-04011,U,0.0,191.01,-191.01,0.0,-1.9003490386941317
F-50140,2,0.0,200.57,-200.57,0.0,-1.900360400081417
F-00375,1,0.0,205.62,-205.62,0.0,-1.9003664016510602
AC-B6SLJ ,3,0.0,210.29,-210.29,0.0,-1.9003719516174433
AC-B16BK ,U,0.0,212.55,-212.55,0.0,-1.9003746374684125
D-04033,3,0.0,219.06,-219.06,0.0,-1.900382374145319
F-00372,1,0.0,260.78,-260.78,0.0,-1.9004319554295803
J-63004,U,0.0,263.36,-263.36,0.0,-1.9004350215780317
A-61243,U,0.0,290.29,-290.29,0.0,-1.9004670259880307
J-63006,U,0.0,311.69,-311.69,0.0,-1.9004924583821627
AC-B6SLJ ,1,0.0,335.8,-335.8,0.0,-1.9005211114205987
D-04033,1,0.0,349.8,-349.8,0.0,-1.9005377494354514
D-04043,3,0.0,372.17,-372.17,0.0,-1.900564334606327
F-00373,2,0.0,387.72,-387.72,0.0,-1.9005828146871098
D-03053,3,0.0,530.9,-530.9,0.0,-1.9007529740418687
D-03052,2,0.0,551.71,-551.71,0.0,-1.9007777052625179
D-04011,3,0.0,552.36,-552.36,0.0,-1.9007784777417789
D-04043,1,0.0,594.28,-594.28,0.0,-1.9008282967119667
F-00375,2,0.0,599.87,-599.87,0.0,-1.9008349400336115
AC-B16BK ,3,0.0,614.65,-614.65,0.0,-1.9008525050235776
F-00491,U,0.0,677.87,-677.87,0.0,-1.9009276375449342
D-04032,U,0.0,687.1,-687.1,0.0,-1.9009386067504408
F-00372,2,0.0,760.81,-760.81,0.0,-1.9010262058986407
J-63004,3,0.0,761.61,-761.61,0.0,-1.9010271566423467
A-61243,3,0.0,839.47,-839.47,0.0,-1.9011196877735208
D-03053,1,0.0,847.75,-847.75,0.0,-1.9011295279708769
D-04011,1,0.0,882.02,-882.02,0.0,-1.9011702554543772
J-63006,3,0.0,901.37,-901.37,0.0,-1.901193251567763
AC-B6SLJ ,2,0.0,979.67,-979.67,0.0,-1.9012863056079754
AC-B16BK ,1,0.0,981.48,-981.48,0.0,-1.9012884566656099
D-04033,2,0.0,1020.51,-1020.51,0.0,-1.9013348410741604
D-03054,U,0.0,1041.6,-1041.6,0.0,-1.9013599050551064
J-63004,1,0.0,1216.14,-1216.14,0.0,-1.9015673335631356
A-61243,1,0.0,1340.47,-1340.47,0.0,-1.9017150910193248
D-04037,U,0.0,1407.01,-1407.01,0.0,-1.901794169127061
J-63006,1,0.0,1439.31,-1439.31,0.0,-1.9018325554041855
D-04043,2,0.0,1733.77,-1733.77,0.0,-1.9021825003937254
F-00491,3,0.0,1960.29,-1960.29,0.0,-1.9024517034740436
D-04032,3,0.0,1986.98,-1986.98,0.0,-1.9024834226609308
D-04061,U,0.0,2019.4,-2019.4,0.0,-1.9025219515496115
D-03053,2,0.0,2473.25,-2473.25,0.0,-1.9030613203382503
D-04011,2,0.0,2573.23,-2573.23,0.0,-1.9031801395328922
AC-B16BK ,2,0.0,2863.41,-2863.41,0.0,-1.9035249980436055
D-03054,3,0.0,3012.14,-3012.14,0.0,-1.9037017531828238
F-00491,1,0.0,3130.2,-3130.2,0.0,-1.903842059185218
D-04032,1,0.0,3172.83,-3172.83,0.0,-1.9038927219404451
J-63004,2,0.0,3548.02,-3548.02,0.0,-1.9043386088542038
A-61243,2,0.0,3910.74,-3910.74,0.0,-1.9047696760504473
D-04037,3,0.0,4068.84,-4068.84,0.0,-1.9049575667753207
J-63006,2,0.0,4199.1,-4199.1,0.0,-1.9051123716192297
D-03054,1,0.0,4809.81,-4809.81,0.0,-1.905838157479998
D-04061,3,0.0,5839.77,-5839.77,0.0,-1.9070621924641262
D-04037,1,0.0,6497.16,-6497.16,0.0,-1.9078434542201321
F-00491,2,0.0,9132.18,-9132.18,0.0,-1.9109749900699489
D-04032,2,0.0,9256.55,-9256.55,0.0,-1.9111227950633234
D-04061,1,0.0,9325.0,-9325.0,0.0,-1.9112041430716573
D-03054,2,0.0,14032.35,-14032.35,0.0,-1.9167984973014676
D-04037,2,0.0,18955.07,-18955.07,0.0,-1.9226488036211955
D-04061,2,0.0,27205.12,-27205.12,0.0,-1.9324534075095077
